ID1;HHID;HVIDX;QHCLUSTER;QHNUMBER;QHHOME;PS104_1A;PS104_1M;PS104_1S;PS5
2022;      000705401;2;7;54;1;4;3;2;1
2022;      000910301;1;9;103;1;2;0;2;1
2022;      001000901;1;10;9;1;1;0;2;1
2022;      001104001;2;11;40;1;10;0;2;1
2022;      001106401;2;11;64;1;1;1;2;1
2022;      001301401;2;13;14;1;2;2;2;1
2022;      002306301;2;23;63;1;0;3;2;1
2022;      003706501;2;37;65;1;15;0;2;1
2022;      004500601;5;45;6;1;0;7;2;1
2022;      004503501;2;45;35;1;2;10;2;1
2022;      004508501;2;45;85;1;5;0;2;1
2022;      004508701;1;45;87;1;0;6;2;1
2022;      004905901;1;49;59;1;1;0;2;1
2022;      009203101;1;92;31;1;7;3;1;1
2022;      009203101;2;92;31;1;7;3;1;2
2022;      009203101;3;92;31;1;7;3;2;3
2022;      009614501;1;96;145;1;1;0;2;1
2022;      009614601;3;96;146;1;1;0;2;1
2022;      009614801;1;96;148;1;18;0;2;1
2022;      010306601;1;103;66;1;19;0;2;1
2022;      010900201;2;109;2;1;6;0;2;1
2022;      010900401;1;109;4;1;9;0;2;1
2022;      010903201;2;109;32;1;0;1;2;1
2022;      010903401;2;109;34;1;17;0;2;1
2022;      011301301;2;113;13;1;5;2;2;1
2022;      011302901;2;113;29;1;1;3;2;1
2022;      011303601;1;113;36;1;1;0;2;1
2022;      011303801;2;113;38;1;1;3;2;1
2022;      011904401;5;119;44;1;1;0;2;1
2022;      013400101;2;134;1;1;15;0;2;1
2022;      014102801;2;141;28;1;3;0;2;1
2022;      014104001;2;141;40;1;1;0;2;1
2022;      014104101;2;141;41;1;0;1;2;1
2022;      014110401;2;141;104;1;4;0;2;1
2022;      014110501;1;141;105;1;0;2;2;1
2022;      014317201;2;143;172;1;0;2;2;1
2022;      014405201;2;144;52;1;5;6;2;1
2022;      014605601;1;146;56;1;1;0;2;1
2022;      014605901;3;146;59;1;2;0;2;1
2022;      014616801;2;146;168;1;3;0;2;1
2022;      014706401;2;147;64;1;4;0;2;1
2022;      014707201;2;147;72;1;0;3;2;1
2022;      014707301;2;147;73;1;0;2;2;1
2022;      014904901;2;149;49;1;1;0;2;1
2022;      014906501;2;149;65;1;8;0;2;1
2022;      015202901;2;152;29;1;10;1;2;1
2022;      015203001;2;152;30;1;10;5;2;1
2022;      015302501;1;153;25;1;1;3;2;1
2022;      015401201;2;154;12;1;1;0;2;1
2022;      015505901;2;155;59;1;19;0;2;1
2022;      015708001;2;157;80;1;0;3;2;1
2022;      016203901;1;162;39;1;1;0;2;1
2022;      016211001;1;162;110;1;5;3;2;1
2022;      016308801;2;163;88;1;1;0;2;1
2022;      016406901;2;164;69;1;1;0;2;1
2022;      016504201;2;165;42;1;0;6;2;1
2022;      016504501;1;165;45;1;19;98;2;1
2022;      016510401;2;165;104;1;0;1;1;1
2022;      016510401;3;165;104;1;0;1;2;2
2022;      016601301;2;166;13;1;19;0;2;1
2022;      016601401;2;166;14;1;19;0;2;1
2022;      016602901;1;166;29;1;12;0;2;1
2022;      016603501;2;166;35;1;10;0;2;1
2022;      016603701;2;166;37;1;0;1;2;1
2022;      016703201;1;167;32;1;0;6;2;1
2022;      016706001;2;167;60;1;2;2;2;1
2022;      016708501;2;167;85;1;1;0;2;1
2022;      021500601;2;215;6;1;7;4;2;1
2022;      022604801;2;226;48;1;1;0;2;1
2022;      025202901;2;252;29;1;1;0;2;1
2022;      026603101;1;266;31;1;4;0;2;1
2022;      026609701;2;266;97;1;2;0;2;1
2022;      026907101;1;269;71;1;1;0;2;1
2022;      027307401;2;273;74;1;10;0;2;1
2022;      027307701;2;273;77;1;0;6;2;1
2022;      027600101;1;276;1;1;2;0;2;1
2022;      027600201;2;276;2;1;1;0;2;1
2022;      027601601;2;276;16;1;6;0;2;1
2022;      027602001;2;276;20;1;1;0;2;1
2022;      028103801;2;281;38;1;18;0;2;1
2022;      028205801;2;282;58;1;2;0;2;1
2022;      028206001;2;282;60;1;5;0;2;1
2022;      028207701;1;282;77;1;2;0;2;1
2022;      028207801;1;282;78;1;3;6;2;1
2022;      028303401;2;283;34;1;0;1;2;1
2022;      028303601;1;283;36;1;0;1;2;1
2022;      028303801;2;283;38;1;0;1;2;1
2022;      028305501;2;283;55;1;0;2;2;1
2022;      028305701;2;283;57;1;5;4;2;1
2022;      028305801;2;283;58;1;3;0;2;1
2022;      028306001;2;283;60;1;2;0;2;1
2022;      028306101;2;283;61;1;0;1;2;1
2022;      028306201;2;283;62;1;1;0;2;1
2022;      028306301;2;283;63;1;0;4;2;1
2022;      028401601;1;284;16;1;98;98;2;1
2022;      028409001;1;284;90;1;3;0;1;1
2022;      028409001;2;284;90;1;3;0;2;2
2022;      028900301;2;289;3;1;4;0;2;1
2022;      028900501;2;289;5;1;2;0;2;1
2022;      028900601;2;289;6;1;1;0;2;1
2022;      028900701;2;289;7;1;2;0;2;1
2022;      028901301;2;289;13;1;3;0;2;1
2022;      028901401;2;289;14;1;6;0;2;1
2022;      028901701;2;289;17;1;4;0;2;1
2022;      028905901;2;289;59;1;19;0;2;1
2022;      028906001;1;289;60;1;10;0;2;1
2022;      028906701;2;289;67;1;2;0;2;1
2022;      028906801;2;289;68;1;4;0;2;1
2022;      029003801;2;290;38;1;1;6;2;1
2022;      029004501;2;290;45;1;1;0;2;1
2022;      029004601;2;290;46;1;2;0;2;1
2022;      029004701;2;290;47;1;10;0;2;1
2022;      029101001;1;291;10;1;3;0;2;1
2022;      029101101;2;291;11;1;1;0;2;1
2022;      029101301;1;291;13;1;1;6;2;1
2022;      029101601;1;291;16;1;4;4;2;1
2022;      029101701;1;291;17;1;0;6;2;1
2022;      029101901;2;291;19;1;15;0;2;1
2022;      029102101;2;291;21;1;1;0;2;1
2022;      029106001;2;291;60;1;8;0;2;1
2022;      029106101;2;291;61;1;8;0;2;1
2022;      029106201;2;291;62;1;10;0;2;1
2022;      029403801;2;294;38;1;1;0;2;1
2022;      029404201;2;294;42;1;1;0;2;1
2022;      030606101;2;306;61;1;0;1;2;1
2022;      031802301;2;318;23;1;2;0;2;1
2022;      031802401;1;318;24;1;2;2;2;1
2022;      031802501;1;318;25;1;2;0;2;1
2022;      031807701;1;318;77;1;3;0;2;1
2022;      032802301;2;328;23;1;8;5;2;1
2022;      032802501;2;328;25;1;15;5;2;1
2022;      032802601;1;328;26;1;0;2;1;1
2022;      032802601;2;328;26;1;10;2;2;2
2022;      032802701;2;328;27;1;10;5;2;1
2022;      032802801;1;328;28;1;9;0;2;1
2022;      032803001;2;328;30;1;5;5;2;1
2022;      032803401;2;328;34;1;6;0;2;1
2022;      032807601;1;328;76;1;14;5;2;1
2022;      032807901;1;328;79;1;14;5;2;1
2022;      033002901;1;330;29;1;7;0;2;1
2022;      033004101;2;330;41;1;15;3;1;1
2022;      033004101;3;330;41;1;15;3;2;2
2022;      033300601;2;333;6;1;8;4;2;1
2022;      033300701;2;333;7;1;16;0;2;1
2022;      033301001;2;333;10;1;0;6;2;1
2022;      033304001;2;333;40;1;5;4;2;1
2022;      033304101;1;333;41;1;0;6;2;1
2022;      033702401;2;337;24;1;1;0;1;1
2022;      033702401;3;337;24;1;0;1;2;2
2022;      033705201;2;337;52;1;1;0;2;1
2022;      033705401;2;337;54;1;6;0;2;1
2022;      033708501;2;337;85;1;6;0;2;1
2022;      033708601;2;337;86;1;15;0;2;1
2022;      034005501;2;340;55;1;1;0;2;1
2022;      034013401;2;340;134;1;19;11;2;1
2022;      034013501;2;340;135;1;14;0;1;1
2022;      034013501;5;340;135;1;0;2;2;2
2022;      034104701;2;341;47;1;0;2;2;1
2022;      035003301;2;350;33;1;2;0;2;1
2022;      037801601;1;378;16;1;0;7;2;1
2022;      038209401;1;382;94;1;5;4;2;1
2022;      039811201;2;398;112;1;2;6;2;1
2022;      040112601;5;401;126;1;10;0;2;1
2022;      040203001;2;402;30;1;19;3;2;1
2022;      045008001;2;450;80;1;1;5;2;1
2022;      045008101;2;450;81;1;4;5;2;1
2022;      045008401;1;450;84;1;2;5;2;1
2022;      045501001;2;455;10;1;1;0;2;1
2022;      045519501;1;455;195;1;3;0;2;1
2022;      047003301;1;470;33;1;1;1;2;1
2022;      047008701;2;470;87;1;1;1;1;1
2022;      047008701;12;470;87;1;2;1;2;2
2022;      047106001;3;471;60;1;0;6;1;1
2022;      047106001;4;471;60;1;0;6;2;2
2022;      047413001;2;474;130;1;5;4;2;1
2022;      047414001;2;474;140;1;0;2;2;1
2022;      048106301;2;481;63;1;0;6;2;1
2022;      048803801;2;488;38;1;5;3;2;1
2022;      048803901;2;488;39;1;5;1;2;1
2022;      048804801;1;488;48;1;5;3;2;1
2022;      049208401;4;492;84;1;0;1;2;1
2022;      049708301;2;497;83;1;1;4;2;1
2022;      049710101;1;497;101;1;1;0;2;1
2022;      049906101;1;499;61;1;3;2;2;1
2022;      050104701;1;501;47;1;12;3;2;1
2022;      050105001;2;501;50;1;15;6;2;1
2022;      050107001;2;501;70;1;5;3;2;1
2022;      050107201;3;501;72;1;1;1;2;1
2022;      050112001;5;501;120;1;15;11;2;1
2022;      050112101;1;501;121;1;10;3;2;1
2022;      050300101;2;503;1;1;0;3;2;1
2022;      050300201;2;503;2;1;5;0;2;1
2022;      050300301;2;503;3;1;15;2;2;1
2022;      050300401;2;503;4;1;18;0;2;1
2022;      050300501;2;503;5;1;19;11;2;1
2022;      050302901;2;503;29;1;15;98;2;1
2022;      050306901;2;503;69;1;10;6;2;1
2022;      050307201;1;503;72;1;18;6;2;1
2022;      050307301;2;503;73;1;98;98;2;1
2022;      050507401;2;505;74;1;11;0;2;1
2022;      050507501;2;505;75;1;19;1;2;1
2022;      050606801;2;506;68;1;2;1;2;1
2022;      050607201;1;506;72;1;10;2;2;1
2022;      050607301;5;506;73;1;4;2;2;1
2022;      050608901;1;506;89;1;12;1;2;1
2022;      050609001;1;506;90;1;10;5;2;1
2022;      050609501;1;506;95;1;4;3;2;1
2022;      050810301;2;508;103;1;4;3;2;1
2022;      050904501;8;509;45;1;2;1;2;1
2022;      050906801;2;509;68;1;1;1;2;1
2022;      050910201;2;509;102;1;1;1;2;1
2022;      051200501;2;512;5;1;1;4;1;1
2022;      051200501;3;512;5;1;1;4;2;2
2022;      051201601;2;512;16;1;19;4;2;1
2022;      051201801;1;512;18;1;0;3;2;1
2022;      051201901;2;512;19;1;0;1;2;1
2022;      051205901;1;512;59;1;3;0;2;1
2022;      051206001;2;512;60;1;7;4;2;1
2022;      051206101;2;512;61;1;2;0;2;1
2022;      051206201;2;512;62;1;10;4;2;1
2022;      051800201;2;518;2;1;0;1;2;1
2022;      051803301;2;518;33;1;19;0;2;1
2022;      051805601;2;518;56;1;1;3;2;1
2022;      051806401;2;518;64;1;0;1;2;1
2022;      051807501;2;518;75;1;0;2;2;1
2022;      051807701;1;518;77;1;5;2;2;1
2022;      051808001;1;518;80;1;2;0;2;1
2022;      051808401;2;518;84;1;10;98;2;1
2022;      052407101;1;524;71;1;1;1;2;1
2022;      055503101;2;555;31;1;0;6;2;1
2022;      056305001;1;563;50;1;10;0;2;1
2022;      061208401;1;612;84;1;4;2;2;1
2022;      061605601;1;616;56;1;1;0;1;1
2022;      061605601;3;616;56;1;1;0;2;2
2022;      069410501;2;694;105;1;0;1;2;1
2022;      069412801;1;694;128;1;0;6;2;1
2022;      072805701;2;728;57;1;0;2;2;1
2022;      075300701;1;753;7;1;8;0;2;1
2022;      075300801;2;753;8;1;2;5;1;1
2022;      075300801;4;753;8;1;0;2;2;2
2022;      075301001;1;753;10;1;98;98;2;1
2022;      075706901;2;757;69;1;4;0;2;1
2022;      077211801;3;772;118;1;1;9;2;1
2022;      078804301;1;788;43;1;1;0;1;1
2022;      078804301;2;788;43;1;1;0;1;2
2022;      078804301;3;788;43;1;1;0;1;3
2022;      078804301;4;788;43;1;1;0;2;4
2022;      080012701;3;800;127;1;1;0;1;1
2022;      080012701;4;800;127;1;1;0;2;2
2022;      080805001;1;808;50;1;5;1;1;1
2022;      080805001;2;808;50;1;5;1;1;2
2022;      080805001;3;808;50;1;5;1;1;3
2022;      080805001;4;808;50;1;5;1;1;4
2022;      080805001;5;808;50;1;1;4;2;5
2022;      081413501;2;814;135;1;3;0;2;1
2022;      081413601;1;814;136;1;0;6;2;1
2022;      081800901;5;818;9;1;1;1;1;1
2022;      081800901;6;818;9;1;1;1;2;2
2022;      081802201;1;818;22;1;1;1;1;1
2022;      081802201;2;818;22;1;1;1;1;2
2022;      081802201;3;818;22;1;1;1;1;3
2022;      081802201;4;818;22;1;1;1;2;4
2022;      081805001;1;818;50;1;0;5;2;1
2022;      081806201;3;818;62;1;0;5;2;1
2022;      082001001;1;820;10;1;2;1;2;1
2022;      083400301;1;834;3;1;1;0;1;1
2022;      083400301;2;834;3;1;1;0;1;2
2022;      083400301;3;834;3;1;1;0;2;3
2022;      084314601;4;843;146;1;3;1;2;1
2022;      085001301;2;850;13;1;2;2;2;1
2022;      085007401;2;850;74;1;1;3;2;1
2022;      088600601;2;886;6;1;0;4;2;1
2022;      088612701;1;886;127;1;1;2;2;1
2022;      089504401;2;895;44;1;2;5;2;1
2022;      089612401;2;896;124;1;1;0;2;1
2022;      094210401;2;942;104;1;1;5;1;1
2022;      094210401;5;942;104;1;1;5;2;2
2022;      094511301;2;945;113;1;4;2;2;1
2022;      095300601;2;953;6;1;19;3;1;1
2022;      095300601;3;953;6;1;10;3;2;2
2022;      097407701;1;974;77;1;19;3;2;1
2022;      097407702;2;974;77;2;3;3;2;1
2022;      098605001;1;986;50;1;0;1;1;1
2022;      098605001;2;986;50;1;0;1;1;2
2022;      098605001;3;986;50;1;0;1;2;3
2022;      098607301;1;986;73;1;19;1;2;1
2022;      098609801;1;986;98;1;4;2;2;1
2022;      101608801;1;1016;88;1;2;3;2;1
2022;      104000501;2;1040;5;1;15;0;2;1
2022;      114603201;3;1146;32;1;3;4;2;1
2022;      114801501;2;1148;15;1;9;6;2;1
2022;      114801801;2;1148;18;1;4;3;2;1
2022;      114802101;2;1148;21;1;1;5;2;1
2022;      114803001;1;1148;30;1;10;5;2;1
2022;      118603401;1;1186;34;1;3;6;2;1
2022;      118609601;1;1186;96;1;1;6;2;1
2022;      120100101;2;1201;1;1;0;1;2;1
2022;      122106001;1;1221;60;1;1;3;2;1
2022;      122502201;2;1225;22;1;8;3;2;1
2022;      123902901;2;1239;29;1;2;0;2;1
2022;      124103801;2;1241;38;1;2;0;2;1
2022;      124905801;2;1249;58;1;0;1;2;1
2022;      124911501;2;1249;115;1;3;0;2;1
2022;      124913301;1;1249;133;1;4;0;1;1
2022;      124913301;2;1249;133;1;12;0;2;2
2022;      126701001;1;1267;10;1;2;0;2;1
2022;      127008501;1;1270;85;1;5;5;2;1
2022;      127303801;1;1273;38;1;15;3;2;1
2022;      129605401;3;1296;54;1;0;1;1;1
2022;      129605401;4;1296;54;1;0;1;2;2
2022;      130412302;2;1304;123;2;4;0;2;1
2022;      131203101;2;1312;31;1;5;0;2;1
2022;      131203401;2;1312;34;1;1;0;2;1
2022;      131204601;1;1312;46;1;0;3;2;1
2022;      131208701;1;1312;87;1;5;0;1;1
2022;      131208701;2;1312;87;1;5;0;1;2
2022;      131208701;3;1312;87;1;5;0;1;3
2022;      131208701;4;1312;87;1;5;0;2;4
2022;      131210001;1;1312;100;1;5;0;1;1
2022;      131210001;2;1312;100;1;5;0;2;2
2022;      132506001;2;1325;60;1;5;0;2;1
2022;      132513102;2;1325;131;2;3;2;2;1
2022;      132513501;2;1325;135;1;5;2;2;1
2022;      132602601;2;1326;26;1;3;98;2;1
2022;      132602901;2;1326;29;1;10;0;1;1
2022;      132602901;5;1326;29;1;1;0;2;2
2022;      132606901;2;1326;69;1;19;98;2;1
2022;      132607001;2;1326;70;1;6;0;2;1
2022;      132705101;2;1327;51;1;7;5;2;1
2022;      143720101;2;1437;201;1;1;2;2;1
2022;      144115901;1;1441;159;1;5;3;2;1
2022;      147506401;2;1475;64;1;6;5;2;1
2022;      148806701;2;1488;67;1;98;2;2;1
2022;      151201401;4;1512;14;1;8;4;2;1
2022;      151417601;1;1514;176;1;0;8;2;1
2022;      151600501;2;1516;5;1;4;0;2;1
2022;      153611301;1;1536;113;1;2;2;2;1
2022;      154109301;1;1541;93;1;98;98;2;1
2022;      155902601;2;1559;26;1;5;0;2;1
2022;      155902701;2;1559;27;1;3;0;2;1
2022;      155912101;2;1559;121;1;1;0;2;1
2022;      156314801;1;1563;148;1;3;0;1;1
2022;      156314801;2;1563;148;1;3;0;1;2
2022;      156314801;3;1563;148;1;3;0;1;3
2022;      156314801;4;1563;148;1;1;0;2;4
2022;      156314901;1;1563;149;1;5;0;1;1
2022;      156314901;2;1563;149;1;5;0;1;2
2022;      156314901;3;1563;149;1;5;0;1;3
2022;      156314901;4;1563;149;1;5;0;2;4
2022;      156404001;2;1564;40;1;2;0;2;1
2022;      156501801;1;1565;18;1;3;0;2;1
2022;      156506301;2;1565;63;1;3;0;1;1
2022;      156506301;3;1565;63;1;3;0;2;2
2022;      156613701;1;1566;137;1;4;2;2;1
2022;      156613901;1;1566;139;1;5;3;2;1
2022;      156619901;2;1566;199;1;0;6;2;1
2022;      159301101;1;1593;11;1;6;1;1;1
2022;      159301101;3;1593;11;1;6;1;1;2
2022;      159301101;4;1593;11;1;6;1;1;3
2022;      159301101;5;1593;11;1;6;1;1;4
2022;      159301101;6;1593;11;1;3;1;2;5
2022;      161907301;2;1619;73;1;3;0;2;1
2022;      163404001;1;1634;40;1;2;6;2;1
2022;      163406501;2;1634;65;1;0;2;2;1
2022;      163907301;2;1639;73;1;1;2;2;1
2022;      165803501;2;1658;35;1;0;2;2;1
2022;      165803701;2;1658;37;1;0;2;2;1
2022;      165803801;2;1658;38;1;0;2;2;1
2022;      166012701;2;1660;127;1;4;2;2;1
2022;      167021201;1;1670;212;1;4;7;2;1
2022;      168102401;2;1681;24;1;3;0;2;1
2022;      168102501;2;1681;25;1;6;11;2;1
2022;      171702301;2;1717;23;1;1;10;2;1
2022;      171703501;1;1717;35;1;0;10;2;1
2022;      171709901;2;1717;99;1;0;1;2;1
2022;      172802101;1;1728;21;1;1;0;2;1
2022;      172803401;2;1728;34;1;15;7;2;1
2022;      173000501;2;1730;5;1;3;10;2;1
2022;      173002201;1;1730;22;1;4;10;2;1
2022;      173002801;2;1730;28;1;0;10;2;1
2022;      173003801;2;1730;38;1;1;10;2;1
2022;      173004101;1;1730;41;1;2;11;2;1
2022;      173004601;2;1730;46;1;1;10;2;1
2022;      173004801;2;1730;48;1;3;10;2;1
2022;      173005001;3;1730;50;1;0;10;2;1
2022;      173800301;1;1738;3;1;4;11;2;1
2022;      173800401;2;1738;4;1;3;11;2;1
2022;      173800501;1;1738;5;1;0;4;1;1
2022;      173800501;2;1738;5;1;0;4;2;2
2022;      173801701;1;1738;17;1;0;1;2;1
2022;      173806101;2;1738;61;1;7;11;2;1
2022;      173806301;2;1738;63;1;15;11;2;1
2022;      174406601;2;1744;66;1;15;0;2;1
2022;      174920501;2;1749;205;1;2;0;2;1
2022;      175211101;2;1752;111;1;98;98;2;1
2022;      176100801;1;1761;8;1;15;0;2;1
2022;      176305401;2;1763;54;1;0;9;2;1
2022;      176409401;2;1764;94;1;0;1;2;1
2022;      176702101;2;1767;21;1;0;4;2;1
2022;      176901701;2;1769;17;1;4;10;2;1
2022;      176907201;2;1769;72;1;2;0;2;1
2022;      176907301;1;1769;73;1;0;2;2;1
2022;      176907401;2;1769;74;1;7;0;2;1
2022;      176907501;1;1769;75;1;0;6;2;1
2022;      176907601;2;1769;76;1;2;0;2;1
2022;      177202901;2;1772;29;1;19;0;2;1
2022;      177203001;2;1772;30;1;7;4;2;1
2022;      177204901;2;1772;49;1;1;10;2;1
2022;      177205001;1;1772;50;1;15;0;2;1
2022;      177205301;1;1772;53;1;15;0;2;1
2022;      177205401;2;1772;54;1;19;0;2;1
2022;      177205501;2;1772;55;1;1;10;2;1
2022;      177205601;2;1772;56;1;3;0;2;1
2022;      177205801;2;1772;58;1;3;0;2;1
2022;      177300101;2;1773;1;1;0;10;2;1
2022;      177300401;2;1773;4;1;0;6;2;1
2022;      177301501;2;1773;15;1;0;2;2;1
2022;      177303501;2;1773;35;1;1;2;2;1
2022;      177400101;1;1774;1;1;19;11;2;1
2022;      177400201;1;1774;2;1;0;2;2;1
2022;      177400301;2;1774;3;1;98;98;2;1
2022;      177400401;1;1774;4;1;0;5;2;1
2022;      177400501;2;1774;5;1;19;11;1;1
2022;      177400501;7;1774;5;1;6;0;2;2
2022;      177402301;2;1774;23;1;0;6;2;1
2022;      177402401;1;1774;24;1;19;11;2;1
2022;      177405101;2;1774;51;1;2;0;2;1
2022;      177405201;2;1774;52;1;0;8;2;1
2022;      177405401;2;1774;54;1;3;0;1;1
2022;      177405401;5;1774;54;1;0;6;2;2
2022;      177405601;2;1774;56;1;1;0;2;1
2022;      177703501;2;1777;35;1;8;0;2;1
2022;      177706201;2;1777;62;1;0;1;2;1
2022;      178003401;1;1780;34;1;10;0;2;1
2022;      178101201;2;1781;12;1;0;2;2;1
2022;      178101301;2;1781;13;1;1;0;2;1
2022;      178103001;2;1781;30;1;0;1;2;1
2022;      178103501;2;1781;35;1;0;4;2;1
2022;      178103601;1;1781;36;1;0;5;2;1
2022;      178300301;2;1783;3;1;10;9;1;1
2022;      178300301;5;1783;3;1;10;9;2;2
2022;      178300601;1;1783;6;1;3;0;2;1
2022;      178404701;2;1784;47;1;3;0;2;1
2022;      178510301;2;1785;103;1;14;0;2;1
2022;      178512801;2;1785;128;1;16;0;2;1
2022;      178610001;1;1786;100;1;0;2;2;1
2022;      178900901;2;1789;9;1;0;5;2;1
2022;      178912001;2;1789;120;1;3;0;2;1
2022;      180905801;1;1809;58;1;1;6;2;1
2022;      182510701;5;1825;107;1;0;11;2;1
2022;      184200601;1;1842;6;1;0;7;2;1
2022;      184201501;1;1842;15;1;2;6;2;1
2022;      184202501;2;1842;25;1;1;6;2;1
2022;      185713101;1;1857;131;1;0;8;2;1
2022;      187002101;2;1870;21;1;0;3;2;1
2022;      187002201;2;1870;22;1;2;0;2;1
2022;      188101701;1;1881;17;1;3;0;2;1
2022;      188107601;2;1881;76;1;2;0;2;1
2022;      188501501;2;1885;15;1;0;6;2;1
2022;      188901901;1;1889;19;1;15;0;2;1
2022;      189404801;5;1894;48;1;5;0;2;1
2022;      189406201;2;1894;62;1;1;0;2;1
2022;      189406701;2;1894;67;1;8;0;2;1
2022;      189801901;2;1898;19;1;1;0;2;1
2022;      189802001;2;1898;20;1;3;0;2;1
2022;      189802101;2;1898;21;1;5;0;2;1
2022;      189802301;2;1898;23;1;0;8;2;1
2022;      189809101;2;1898;91;1;0;9;2;1
2022;      189809201;2;1898;92;1;0;8;2;1
2022;      189809301;2;1898;93;1;0;6;2;1
2022;      189809401;2;1898;94;1;0;6;2;1
2022;      189906701;2;1899;67;1;15;0;2;1
2022;      189906901;2;1899;69;1;1;0;2;1
2022;      189907301;2;1899;73;1;5;0;2;1
2022;      189907701;2;1899;77;1;1;0;2;1
2022;      189907901;2;1899;79;1;0;7;2;1
2022;      190201501;1;1902;15;1;0;6;2;1
2022;      190202301;1;1902;23;1;0;4;2;1
2022;      190202401;2;1902;24;1;0;4;2;1
2022;      190202501;1;1902;25;1;0;6;2;1
2022;      190202701;1;1902;27;1;2;6;2;1
2022;      190204501;2;1902;45;1;0;2;2;1
2022;      190205001;2;1902;50;1;0;3;2;1
2022;      190205101;2;1902;51;1;0;3;2;1
2022;      190500701;2;1905;7;1;98;98;2;1
2022;      190503901;2;1905;39;1;2;0;2;1
2022;      190504101;1;1905;41;1;1;0;2;1
2022;      190504801;2;1905;48;1;5;0;2;1
2022;      190505601;1;1905;56;1;3;0;2;1
2022;      190505701;2;1905;57;1;12;0;2;1
2022;      190606401;2;1906;64;1;6;0;2;1
2022;      190606501;1;1906;65;1;2;0;2;1
2022;      190606901;2;1906;69;1;3;0;2;1
2022;      190607001;2;1906;70;1;0;3;2;1
2022;      190801801;2;1908;18;1;0;4;2;1
2022;      191000501;2;1910;5;1;2;9;2;1
2022;      191000801;1;1910;8;1;2;9;2;1
2022;      191000901;2;1910;9;1;2;9;2;1
2022;      191001001;2;1910;10;1;2;0;2;1
2022;      191001901;1;1910;19;1;6;9;2;1
2022;      191002701;2;1910;27;1;1;98;2;1
2022;      191002801;1;1910;28;1;4;0;2;1
2022;      191201101;2;1912;11;1;0;3;2;1
2022;      191204201;1;1912;42;1;0;3;1;1
2022;      191204201;2;1912;42;1;0;3;1;2
2022;      191204201;3;1912;42;1;0;3;2;3
2022;      191500601;2;1915;6;1;0;5;2;1
2022;      191501401;1;1915;14;1;0;5;1;1
2022;      191501401;2;1915;14;1;0;5;2;2
2022;      191501601;1;1915;16;1;0;5;2;1
2022;      191502901;2;1915;29;1;0;4;2;1
2022;      194502301;2;1945;23;1;0;3;2;1
2022;      194507601;2;1945;76;1;0;1;2;1
2022;      194507701;2;1945;77;1;0;1;2;1
2022;      194507801;2;1945;78;1;0;1;2;1
2022;      194508001;2;1945;80;1;0;1;2;1
2022;      195001801;2;1950;18;1;10;3;2;1
2022;      195002001;2;1950;20;1;0;6;2;1
2022;      195002601;2;1950;26;1;19;11;2;1
2022;      195002701;3;1950;27;1;1;0;2;1
2022;      195002801;2;1950;28;1;13;0;2;1
2022;      195002901;2;1950;29;1;2;0;2;1
2022;      195003001;2;1950;30;1;3;0;2;1
2022;      195410701;2;1954;107;1;1;5;2;1
2022;      196404901;2;1964;49;1;5;0;2;1
2022;      196405101;2;1964;51;1;3;0;2;1
2022;      196501501;2;1965;15;1;2;6;2;1
2022;      196501601;4;1965;16;1;7;0;2;1
2022;      196501701;1;1965;17;1;15;0;2;1
2022;      196501801;2;1965;18;1;15;0;2;1
2022;      196502601;1;1965;26;1;10;6;2;1
2022;      196514501;1;1965;145;1;10;0;2;1
2022;      196514801;2;1965;148;1;4;0;2;1
2022;      196807601;2;1968;76;1;4;7;2;1
2022;      196809301;2;1968;93;1;2;1;2;1
2022;      196809401;2;1968;94;1;1;0;1;1
2022;      196809401;5;1968;94;1;0;6;2;2
2022;      196809501;1;1968;95;1;6;0;1;1
2022;      196809501;4;1968;95;1;5;0;2;2
2022;      196810701;2;1968;107;1;0;8;2;1
2022;      196810801;1;1968;108;1;2;0;2;1
2022;      196811401;2;1968;114;1;5;0;2;1
2022;      196811701;2;1968;117;1;4;11;1;1
2022;      196811701;4;1968;117;1;1;1;2;2
2022;      197803901;3;1978;39;1;1;10;2;1
2022;      197803902;2;1978;39;2;2;0;2;1
2022;      197803903;2;1978;39;3;1;10;2;1
2022;      199501801;1;1995;18;1;4;7;2;1
2022;      202108201;2;2021;82;1;0;5;2;1
2022;      202501201;1;2025;12;1;0;6;1;1
2022;      202501201;2;2025;12;1;0;6;1;2
2022;      202501201;3;2025;12;1;0;6;1;3
2022;      202501201;4;2025;12;1;0;6;1;4
2022;      202501201;5;2025;12;1;0;6;1;5
2022;      202501201;6;2025;12;1;0;6;1;6
2022;      202501201;7;2025;12;1;0;6;1;7
2022;      202501201;8;2025;12;1;0;6;2;8
2022;      202601101;2;2026;11;1;0;9;2;1
2022;      203805701;2;2038;57;1;0;2;2;1
2022;      204908901;4;2049;89;1;6;6;2;1
2022;      206802801;2;2068;28;1;1;0;2;1
2022;      207800901;1;2078;9;1;1;3;2;1
2022;      207802301;2;2078;23;1;1;6;2;1
2022;      207802401;2;2078;24;1;5;0;2;1
2022;      208500101;2;2085;1;1;18;10;2;1
2022;      210401901;3;2104;19;1;10;11;2;1
2022;      210402401;2;2104;24;1;0;1;2;1
2022;      210402601;2;2104;26;1;4;11;2;1
2022;      210404101;2;2104;41;1;10;11;2;1
2022;      210406701;1;2104;67;1;1;11;2;1
2022;      210407801;2;2104;78;1;1;11;2;1
2022;      210408001;2;2104;80;1;1;11;2;1
2022;      210408101;2;2104;81;1;10;11;2;1
2022;      210506401;2;2105;64;1;0;11;2;1
2022;      210507701;1;2105;77;1;19;11;2;1
2022;      210507801;2;2105;78;1;0;11;2;1
2022;      210507901;2;2105;79;1;3;11;2;1
2022;      210508001;1;2105;80;1;0;10;2;1
2022;      210508101;2;2105;81;1;2;11;2;1
2022;      210603601;1;2106;36;1;10;8;2;1
2022;      210603701;2;2106;37;1;5;0;2;1
2022;      210603801;2;2106;38;1;0;9;2;1
2022;      210603901;1;2106;39;1;1;0;2;1
2022;      210604001;2;2106;40;1;19;9;2;1
2022;      210615401;2;2106;154;1;2;9;2;1
2022;      210700601;2;2107;6;1;2;6;2;1
2022;      210915501;2;2109;155;1;0;10;2;1
2022;      210915601;2;2109;156;1;15;10;1;1
2022;      210915601;3;2109;156;1;17;10;2;2
2022;      210915701;2;2109;157;1;1;0;2;1
2022;      211002301;1;2110;23;1;10;8;2;1
2022;      211002401;1;2110;24;1;13;8;2;1
2022;      211002501;1;2110;25;1;2;8;2;1
2022;      211008301;2;2110;83;1;19;8;2;1
2022;      211008501;1;2110;85;1;10;8;2;1
2022;      211008701;2;2110;87;1;16;8;2;1
2022;      211009801;2;2110;98;1;4;8;2;1
2022;      211009901;2;2110;99;1;3;8;2;1
2022;      211010001;2;2110;100;1;12;8;2;1
2022;      211010201;2;2110;102;1;19;8;2;1
2022;      211104101;1;2111;41;1;0;1;2;1
2022;      211106201;2;2111;62;1;0;8;2;1
2022;      211401601;2;2114;16;1;3;8;2;1
2022;      211407701;1;2114;77;1;19;11;2;1
2022;      211601601;1;2116;16;1;4;7;2;1
2022;      211601701;2;2116;17;1;4;2;2;1
2022;      211602201;1;2116;22;1;0;1;2;1
2022;      211602601;1;2116;26;1;19;6;2;1
2022;      211602801;2;2116;28;1;19;7;2;1
2022;      211603301;2;2116;33;1;11;0;2;1
2022;      211603501;2;2116;35;1;19;6;2;1
2022;      211702201;1;2117;22;1;3;9;2;1
2022;      211801101;2;2118;11;1;4;0;2;1
2022;      211806801;2;2118;68;1;0;8;2;1
2022;      211806901;1;2118;69;1;1;8;2;1
2022;      211807001;2;2118;70;1;10;0;2;1
2022;      211807101;1;2118;71;1;0;9;2;1
2022;      211807301;2;2118;73;1;1;0;2;1
2022;      211811101;2;2118;111;1;10;9;2;1
2022;      211904501;2;2119;45;1;4;0;2;1
2022;      211907401;1;2119;74;1;4;0;2;1
2022;      211907501;2;2119;75;1;19;11;1;1
2022;      211907501;3;2119;75;1;9;1;2;2
2022;      211907601;1;2119;76;1;10;6;2;1
2022;      211907801;2;2119;78;1;7;6;2;1
2022;      213101401;2;2131;14;1;5;6;2;1
2022;      213101501;1;2131;15;1;2;0;2;1
2022;      213404901;1;2134;49;1;0;10;2;1
2022;      213407301;2;2134;73;1;1;9;2;1
2022;      213407501;2;2134;75;1;2;9;2;1
2022;      213407601;2;2134;76;1;0;3;2;1
2022;      213704701;2;2137;47;1;0;6;2;1
2022;      213711301;2;2137;113;1;0;8;2;1
2022;      214605901;2;2146;59;1;2;0;2;1
2022;      219702501;1;2197;25;1;6;0;2;1
2022;      221604601;2;2216;46;1;1;7;2;1
2022;      225701201;1;2257;12;1;12;9;1;1
2022;      225701201;2;2257;12;1;12;9;1;2
2022;      225701201;3;2257;12;1;10;9;2;3
2022;      225701401;1;2257;14;1;5;8;1;1
2022;      225701401;2;2257;14;1;5;8;1;2
2022;      225701401;3;2257;14;1;5;8;2;3
2022;      225701501;2;2257;15;1;2;9;2;1
2022;      225900401;2;2259;4;1;4;0;1;1
2022;      225900401;3;2259;4;1;98;98;2;2
2022;      225903801;1;2259;38;1;2;11;2;1
2022;      225905501;2;2259;55;1;1;10;2;1
2022;      226004801;2;2260;48;1;0;2;2;1
2022;      230306901;1;2303;69;1;5;2;2;1
2022;      230900301;3;2309;3;1;0;2;2;1
2022;      234410301;1;2344;103;1;0;2;1;1
2022;      234410301;2;2344;103;1;0;2;1;2
2022;      234410301;3;2344;103;1;0;2;1;3
2022;      234410301;4;2344;103;1;0;2;1;4
2022;      234410301;5;2344;103;1;0;2;2;5
2022;      237306501;1;2373;65;1;0;10;1;1
2022;      237306501;2;2373;65;1;0;10;1;2
2022;      237306501;3;2373;65;1;0;10;1;3
2022;      237306501;4;2373;65;1;0;10;2;4
2022;      237306701;1;2373;67;1;1;0;2;1
2022;      237502801;1;2375;28;1;4;0;1;1
2022;      237502801;2;2375;28;1;4;0;1;2
2022;      237502801;3;2375;28;1;4;0;1;3
2022;      237502801;4;2375;28;1;7;0;1;4
2022;      237502801;5;2375;28;1;7;0;1;5
2022;      237502801;6;2375;28;1;2;0;2;6
2022;      237510101;2;2375;101;1;3;0;2;1
2022;      237510301;1;2375;103;1;10;0;1;1
2022;      237510301;2;2375;103;1;10;0;1;2
2022;      237510301;3;2375;103;1;10;0;1;3
2022;      237510301;4;2375;103;1;10;0;1;4
2022;      237510301;5;2375;103;1;8;0;1;5
2022;      237510301;6;2375;103;1;5;0;1;6
2022;      237510301;7;2375;103;1;3;0;1;7
2022;      237510301;8;2375;103;1;1;0;2;8
2022;      237510501;1;2375;105;1;3;0;1;1
2022;      237510501;2;2375;105;1;3;0;2;2
2022;      238906801;3;2389;68;1;1;10;2;1
2022;      238906901;1;2389;69;1;1;4;1;1
2022;      238906901;2;2389;69;1;1;4;1;2
2022;      238906901;3;2389;69;1;1;4;1;3
2022;      238906901;4;2389;69;1;1;4;2;4
2022;      239005301;1;2390;53;1;0;1;1;1
2022;      239005301;2;2390;53;1;0;1;1;2
2022;      239005301;3;2390;53;1;0;1;1;3
2022;      239005301;4;2390;53;1;0;1;1;4
2022;      239005301;5;2390;53;1;0;1;2;5
2022;      239006501;2;2390;65;1;0;1;1;1
2022;      239006501;3;2390;65;1;0;1;1;2
2022;      239006501;4;2390;65;1;0;1;2;3
2022;      239220201;2;2392;202;1;7;5;1;1
2022;      239220201;3;2392;202;1;7;5;1;2
2022;      239220201;4;2392;202;1;7;5;1;3
2022;      239220201;5;2392;202;1;5;1;2;4
2022;      240606001;1;2406;60;1;10;0;2;1
2022;      240607201;2;2406;72;1;1;0;2;1
2022;      240608301;2;2406;83;1;15;8;2;1
2022;      243308501;5;2433;85;1;5;0;2;1
2022;      243309201;2;2433;92;1;8;0;2;1
2022;      243309701;2;2433;97;1;3;0;2;1
2022;      243713601;2;2437;136;1;1;0;1;1
2022;      243713601;3;2437;136;1;1;0;1;2
2022;      243713601;4;2437;136;1;1;0;1;3
2022;      243713601;5;2437;136;1;1;0;2;4
2022;      243714501;2;2437;145;1;2;0;2;1
2022;      243714601;4;2437;146;1;1;11;2;1
2022;      243714701;4;2437;147;1;1;0;1;1
2022;      243714701;5;2437;147;1;1;0;2;2
2022;      247005601;1;2470;56;1;0;6;1;1
2022;      247005601;2;2470;56;1;0;5;1;2
2022;      247005601;3;2470;56;1;0;5;1;3
2022;      247005601;4;2470;56;1;0;5;1;4
2022;      247005601;5;2470;56;1;0;5;2;5
2022;      248008801;1;2480;88;1;0;2;2;1
2022;      248011101;2;2480;111;1;5;10;2;1
2022;      248811801;1;2488;118;1;0;3;1;1
2022;      248811801;2;2488;118;1;0;3;2;2
2022;      250802601;1;2508;26;1;1;8;2;1
2022;      252001101;1;2520;11;1;7;11;2;1
2022;      252103201;2;2521;32;1;10;6;2;1
2022;      254604701;1;2546;47;1;11;10;1;1
2022;      254604701;3;2546;47;1;12;10;1;2
2022;      254604701;4;2546;47;1;9;10;1;3
2022;      254604701;5;2546;47;1;2;10;2;4
2022;      254605801;1;2546;58;1;0;1;2;1
2022;      255503201;2;2555;32;1;1;4;2;1
2022;      255610501;1;2556;105;1;1;11;2;1
2022;      260806901;2;2608;69;1;2;8;2;1
2022;      261510901;3;2615;109;1;0;2;2;1
2022;      262505501;2;2625;55;1;4;11;2;1
2022;      265903001;2;2659;30;1;9;9;2;1
2022;      265903701;1;2659;37;1;1;9;2;1
2022;      265904601;2;2659;46;1;7;10;2;1
2022;      266304201;1;2663;42;1;10;1;1;1
2022;      266304201;2;2663;42;1;10;1;2;2
2022;      266304501;2;2663;45;1;15;0;2;1
2022;      266306201;2;2663;62;1;0;5;2;1
2022;      266401001;2;2664;10;1;0;4;2;1
2022;      270008801;2;2700;88;1;4;2;2;1
2022;      270610801;2;2706;108;1;0;1;2;1
2022;      277502201;2;2775;22;1;0;3;2;1
2022;      280705001;1;2807;50;1;4;10;2;1
2022;      281602501;9;2816;25;1;0;2;2;1
2022;      282508701;1;2825;87;1;19;10;2;1
2022;      283800801;1;2838;8;1;98;3;2;1
2022;      286604601;2;2866;46;1;4;0;2;1
2022;      287807501;1;2878;75;1;2;0;2;1
2022;      287808001;2;2878;80;1;2;3;2;1
2022;      288507301;1;2885;73;1;0;5;2;1
2022;      289800401;2;2898;4;1;3;0;2;1
2022;      291203001;2;2912;30;1;9;11;2;1
2022;      291704201;1;2917;42;1;10;6;2;1
2022;      291707201;1;2917;72;1;1;0;2;1
2022;      292104201;2;2921;42;1;0;6;2;1
2022;      293316501;1;2933;165;1;8;0;2;1
2022;      293317301;2;2933;173;1;8;0;2;1
2022;      294401801;1;2944;18;1;0;2;2;1
2022;      294407101;2;2944;71;1;1;6;2;1
2022;      294504701;1;2945;47;1;1;0;1;1
2022;      294504701;2;2945;47;1;1;0;2;2
2022;      297005001;2;2970;50;1;0;2;2;1
2022;      298204501;4;2982;45;1;3;3;1;1
2022;      298204501;5;2982;45;1;2;3;2;2
2022;      299504101;2;2995;41;1;18;7;2;1
2022;      300502201;2;3005;22;1;16;5;2;1
2022;      300502301;1;3005;23;1;2;7;2;1
2022;      301002701;2;3010;27;1;1;6;2;1
2022;      301003101;2;3010;31;1;2;0;2;1
2022;      306200801;1;3062;8;1;3;7;2;1
2022;      309109201;1;3091;92;1;5;8;2;1
2022;      313102401;2;3131;24;1;18;11;2;1
2022;      313107101;1;3131;71;1;1;10;2;1
2022;      313411801;5;3134;118;1;98;11;2;1
2022;      314401201;2;3144;12;1;0;3;2;1
2022;      314713601;2;3147;136;1;2;1;2;1
2022;      314718001;2;3147;180;1;3;11;2;1
2022;      315513201;2;3155;132;1;0;1;2;1
2022;      315909001;2;3159;90;1;1;9;2;1
2022;      316301601;2;3163;16;1;1;1;2;1
2022;      316312301;1;3163;123;1;10;6;2;1
2022;      316313301;3;3163;133;1;0;4;2;1
2022;      316803001;1;3168;30;1;0;2;2;1
2022;      317408601;1;3174;86;1;1;5;2;1
2022;      317508201;2;3175;82;1;15;0;2;1
2022;      317801701;2;3178;17;1;8;3;2;1
2022;      318603101;2;3186;31;1;0;2;2;1
2022;      319008501;1;3190;85;1;6;0;1;1
2022;      319008501;2;3190;85;1;6;0;2;2
2022;      319008601;2;3190;86;1;0;6;2;1
2022;      319008801;2;3190;88;1;19;0;2;1
2022;      319008901;2;3190;89;1;7;2;2;1
2022;      319205701;2;3192;57;1;10;98;2;1
2022;      319206001;2;3192;60;1;0;4;2;1
2022;      319212301;2;3192;123;1;1;0;2;1
2022;      319212401;1;3192;124;1;3;2;2;1
2022;      319212501;2;3192;125;1;4;0;2;1
2022;      319320001;2;3193;200;1;1;3;2;1
2022;      324307401;2;3243;74;1;0;1;2;1
2022;      324307901;2;3243;79;1;5;7;2;1
2022;      325704001;2;3257;40;1;0;4;2;1
2022;      325907201;2;3259;72;1;2;1;2;1
2022;      327001201;5;3270;12;1;19;4;2;1
2022;      327003701;2;3270;37;1;0;6;2;1
2022;      327207301;2;3272;73;1;1;0;2;1
2022;      327303001;2;3273;30;1;1;0;2;1
2022;      327303201;2;3273;32;1;1;98;2;1
2022;      328503501;2;3285;35;1;2;0;2;1
2022;      328707001;1;3287;70;1;15;0;2;1
2022;      328707401;2;3287;74;1;6;3;2;1
2022;      329106101;2;3291;61;1;0;5;1;1
2022;      329106101;4;3291;61;1;0;6;2;2
2022;      329812501;2;3298;125;1;1;0;2;1
2022;      329907401;1;3299;74;1;5;98;2;1
2022;      329917901;2;3299;179;1;0;1;2;1
2022;      330003101;2;3300;31;1;2;0;2;1
2022;      330005201;1;3300;52;1;0;6;2;1
2022;      330110901;2;3301;109;1;1;0;2;1
2022;      330111901;2;3301;119;1;3;0;2;1
2022;      330112001;2;3301;120;1;2;0;2;1
2022;      330204301;2;3302;43;1;2;0;1;1
2022;      330204301;4;3302;43;1;0;2;2;2
2022;      330400301;2;3304;3;1;0;1;2;1
2022;      330517901;2;3305;179;1;0;5;2;1
2022;      330518101;2;3305;181;1;1;0;2;1
2022;      330518201;2;3305;182;1;8;0;2;1
2022;      330603601;1;3306;36;1;10;2;2;1
2022;      330603701;2;3306;37;1;2;0;2;1
2022;      330605501;2;3306;55;1;8;3;2;1
2022;      330606001;1;3306;60;1;4;0;2;1
2022;      330902601;2;3309;26;1;1;5;2;1
2022;      330905801;2;3309;58;1;1;0;2;1
2022;      331901901;1;3319;19;1;2;2;1;1
2022;      331901901;2;3319;19;1;2;2;2;2
2022;      331902401;2;3319;24;1;19;2;2;1
2022;      334303102;1;3343;31;2;4;0;1;1
2022;      334303102;4;3343;31;2;1;0;2;2
2022;      334307101;2;3343;71;1;3;0;2;1
2022;      334500801;1;3345;8;1;10;0;2;1
2022;      334501801;1;3345;18;1;10;0;2;1
2022;      334501901;2;3345;19;1;6;0;2;1
2022;      334504601;2;3345;46;1;4;0;2;1
2022;      334505201;2;3345;52;1;6;0;2;1
2022;      334505301;1;3345;53;1;2;0;2;1
2022;      334505801;2;3345;58;1;6;0;2;1
2022;      334505901;2;3345;59;1;10;0;2;1
2022;      334508901;2;3345;89;1;10;0;2;1
2022;      334509201;2;3345;92;1;6;0;2;1
2022;      334709601;2;3347;96;1;15;0;2;1
2022;      334709801;2;3347;98;1;3;0;2;1
2022;      334900101;2;3349;1;1;17;0;2;1
2022;      334900301;2;3349;3;1;10;0;2;1
2022;      334900401;2;3349;4;1;10;0;2;1
2022;      334900501;1;3349;5;1;4;0;2;1
2022;      334905601;2;3349;56;1;10;1;2;1
2022;      334905801;2;3349;58;1;10;0;2;1
2022;      334905901;1;3349;59;1;2;0;2;1
2022;      334906001;1;3349;60;1;2;0;2;1
2022;      334906701;2;3349;67;1;6;0;2;1
2022;      334906901;2;3349;69;1;9;0;2;1
2022;      334907001;2;3349;70;1;3;1;2;1
2022;      334907101;2;3349;71;1;0;4;2;1
2022;      335100701;1;3351;7;1;7;0;2;1
2022;      335101201;2;3351;12;1;6;0;2;1
2022;      335106401;2;3351;64;1;19;0;2;1
2022;      335108901;2;3351;89;1;3;0;2;1
2022;      335207401;2;3352;74;1;3;0;2;1
2022;      335207501;1;3352;75;1;8;0;2;1
2022;      335207601;2;3352;76;1;3;0;2;1
2022;      335300501;2;3353;5;1;1;6;2;1
2022;      335301801;1;3353;18;1;2;0;2;1
2022;      335301901;2;3353;19;1;1;0;2;1
2022;      335304201;2;3353;42;1;0;4;2;1
2022;      335803501;1;3358;35;1;2;3;2;1
2022;      335812901;1;3358;129;1;1;0;2;1
2022;      336200401;2;3362;4;1;0;1;2;1
2022;      336205801;3;3362;58;1;0;4;2;1
2022;      336207401;2;3362;74;1;4;0;2;1
2022;      336207501;1;3362;75;1;19;11;2;1
2022;      336207601;2;3362;76;1;19;0;1;1
2022;      336207601;3;3362;76;1;0;5;2;2
2022;      336207701;2;3362;77;1;5;1;2;1
2022;      336502201;2;3365;22;1;10;0;2;1
2022;      336503101;1;3365;31;1;5;0;2;1
2022;      336503201;2;3365;32;1;19;5;2;1
2022;      336503301;2;3365;33;1;6;0;2;1
2022;      337110301;1;3371;103;1;4;0;2;1
2022;      337306501;1;3373;65;1;0;1;2;1
2022;      337609001;2;3376;90;1;4;0;2;1
2022;      337901201;1;3379;12;1;4;5;2;1
2022;      338011801;1;3380;118;1;3;5;1;1
2022;      338011801;2;3380;118;1;3;5;2;2
2022;      340700201;2;3407;2;1;0;3;2;1
2022;      340705401;1;3407;54;1;0;8;2;1
2022;      340709801;1;3407;98;1;6;7;1;1
2022;      340709801;2;3407;98;1;3;0;2;2
2022;      341309801;1;3413;98;1;0;4;2;1
2022;      341610401;2;3416;104;1;2;0;2;1
2022;      342001801;1;3420;18;1;3;2;2;1
2022;      342002001;2;3420;20;1;10;98;2;1
2022;      342002101;1;3420;21;1;19;5;2;1
2022;      342002201;2;3420;22;1;0;1;2;1
2022;      342006501;2;3420;65;1;19;11;1;1
2022;      342006501;3;3420;65;1;3;98;2;2
2022;      342006601;2;3420;66;1;19;5;1;1
2022;      342006601;5;3420;66;1;0;5;2;2
2022;      342006701;2;3420;67;1;5;5;2;1
2022;      342100301;2;3421;3;1;19;11;2;1
2022;      342100501;2;3421;5;1;15;0;2;1
2022;      342103901;2;3421;39;1;15;98;2;1
2022;      342201401;1;3422;14;1;15;3;2;1
2022;      342201601;1;3422;16;1;1;3;2;1
2022;      342201701;2;3422;17;1;19;11;2;1
2022;      342208101;1;3422;81;1;19;11;2;1
2022;      342208401;2;3422;84;1;13;3;2;1
2022;      342214001;2;3422;140;1;10;2;2;1
2022;      342214401;2;3422;144;1;0;1;2;1
2022;      342214601;2;3422;146;1;19;3;2;1
2022;      342214701;2;3422;147;1;0;8;2;1
2022;      342301701;1;3423;17;1;10;98;2;1
2022;      342301801;2;3423;18;1;15;0;2;1
2022;      342301901;2;3423;19;1;19;11;2;1
2022;      342302001;2;3423;20;1;2;0;2;1
2022;      342304601;2;3423;46;1;19;11;1;1
2022;      342304601;7;3423;46;1;19;11;2;2
2022;      342304701;1;3423;47;1;19;0;2;1
2022;      342304801;2;3423;48;1;10;98;2;1
2022;      342304901;2;3423;49;1;12;0;2;1
2022;      342507901;1;3425;79;1;2;0;2;1
2022;      342511601;2;3425;116;1;0;3;2;1
2022;      342603601;2;3426;36;1;4;2;2;1
2022;      342603701;1;3426;37;1;1;0;2;1
2022;      342703001;2;3427;30;1;98;98;2;1
2022;      342704801;2;3427;48;1;19;0;2;1
2022;      342704901;1;3427;49;1;2;0;2;1
2022;      342705001;2;3427;50;1;5;0;2;1
2022;      342705701;2;3427;57;1;4;0;2;1
2022;      342705801;2;3427;58;1;15;0;2;1
2022;      342705901;1;3427;59;1;1;0;2;1
2022;      343700501;1;3437;5;1;15;0;2;1
2022;      344804501;2;3448;45;1;2;0;2;1
2022;      345406401;3;3454;64;1;5;4;2;1
2022;      346800701;1;3468;7;1;9;4;2;1
2022;      346800801;1;3468;8;1;8;0;2;1
2022;      346800901;2;3468;9;1;4;4;2;1
2022;      346801301;2;3468;13;1;10;4;2;1
2022;      346801501;2;3468;15;1;5;4;2;1
2022;      349006901;1;3490;69;1;2;0;1;1
2022;      349006901;2;3490;69;1;2;0;1;2
2022;      349006901;3;3490;69;1;2;0;2;3
2022;      349606601;2;3496;66;1;0;4;2;1
2022;      349609301;1;3496;93;1;7;0;2;1
2022;      349611101;1;3496;111;1;4;0;2;1
2022;      350610801;2;3506;108;1;15;0;2;1
2022;      350805401;2;3508;54;1;1;0;2;1
2022;      351003201;1;3510;32;1;15;0;2;1
2022;      351005401;2;3510;54;1;5;3;2;1
2022;      351801401;2;3518;14;1;0;2;2;1
2022;      352214601;2;3522;146;1;1;0;2;1
2022;      352911501;2;3529;115;1;2;0;2;1
2022;      353210701;1;3532;107;1;15;0;2;1
2022;      354300101;2;3543;1;1;3;1;2;1
2022;      354302801;2;3543;28;1;1;0;2;1
2022;      354705201;1;3547;52;1;5;6;1;1
2022;      354705201;2;3547;52;1;5;6;1;2
2022;      354705201;3;3547;52;1;5;6;2;3
2022;      355205201;1;3552;52;1;1;2;2;1
2022;      355205202;2;3552;52;2;10;3;2;1
2022;      356705301;2;3567;53;1;3;0;2;1
2022;      356819501;3;3568;195;1;0;2;1;1
2022;      356819501;4;3568;195;1;0;2;2;2
2022;      357302201;1;3573;22;1;1;3;2;1
2022;      357302202;1;3573;22;2;4;3;1;1
2022;      357302202;2;3573;22;2;2;3;1;2
2022;      357302202;3;3573;22;2;0;3;2;3
2022;      357308801;1;3573;88;1;2;3;2;1
2022;      357909301;2;3579;93;1;3;5;2;1
2022;      358104701;2;3581;47;1;1;9;2;1
2022;      360000101;2;3600;1;1;5;1;1;1
2022;      360000101;3;3600;1;1;10;1;1;2
2022;      360000101;4;3600;1;1;7;1;2;3
2022;      360212301;6;3602;123;1;12;3;2;1
2022;      364001401;1;3640;14;1;0;6;2;1
2022;      365808401;2;3658;84;1;10;4;2;1
2022;      365809001;2;3658;90;1;19;4;2;1
2022;      365904801;2;3659;48;1;2;4;2;1
2022;      366006601;1;3660;66;1;2;6;2;1
2022;      366305901;2;3663;59;1;5;0;2;1
2022;      366306301;1;3663;63;1;1;5;2;1
2022;      366403501;1;3664;35;1;5;0;2;1
2022;      366403601;3;3664;36;1;0;1;2;1
2022;      366405201;2;3664;52;1;8;0;2;1
2022;      366705801;2;3667;58;1;2;2;2;1
2022;      366811501;1;3668;115;1;15;0;2;1
2022;      367401001;2;3674;10;1;1;0;2;1
2022;      367405701;2;3674;57;1;0;6;2;1
2022;      367710101;1;3677;101;1;6;1;2;1
2022;      368103301;2;3681;33;1;5;1;2;1
2022;      368103701;2;3681;37;1;4;1;2;1
2022;      368104101;2;3681;41;1;0;6;2;1
2022;      368104501;2;3681;45;1;13;5;2;1
2022;      368203201;2;3682;32;1;3;0;2;1
2022;      369600301;2;3696;3;1;5;0;2;1
2022;      369605701;2;3696;57;1;3;0;2;1
2022;      369605901;2;3696;59;1;6;6;2;1
2022;      369704101;2;3697;41;1;10;0;2;1
2022;      371800901;1;3718;9;1;2;0;2;1
2022;      374113501;1;3741;135;1;1;2;2;1
2022;      377010001;2;3770;100;1;10;0;2;1
2022;      377109401;2;3771;94;1;2;0;2;1
2022;      377305301;2;3773;53;1;9;0;2;1
2022;      377307601;2;3773;76;1;0;6;2;1
2022;      377313101;1;3773;131;1;3;0;2;1
2022;      377400501;2;3774;5;1;0;1;2;1
2022;      377403601;2;3774;36;1;2;0;2;1
2022;      377404601;2;3774;46;1;2;6;2;1
2022;      377501501;2;3775;15;1;5;1;2;1
2022;      377609501;1;3776;95;1;1;0;1;1
2022;      377609501;2;3776;95;1;1;0;2;2
2022;      377902701;1;3779;27;1;4;0;2;1
2022;      377902801;2;3779;28;1;3;5;2;1
2022;      377905001;2;3779;50;1;0;5;2;1
2022;      377905101;1;3779;51;1;9;0;2;1
2022;      377905201;1;3779;52;1;19;2;1;1
2022;      377905201;2;3779;52;1;19;2;2;2
2022;      380500101;1;3805;1;1;0;8;1;1
2022;      380500101;2;3805;1;1;0;8;1;2
2022;      380500101;3;3805;1;1;0;8;2;3
2022;      380500401;1;3805;4;1;2;0;1;1
2022;      380500401;2;3805;4;1;2;0;1;2
2022;      380500401;3;3805;4;1;2;0;2;3
2022;      380514101;2;3805;141;1;2;0;2;1
2022;      381305101;1;3813;51;1;2;0;2;1
2022;      381414001;2;3814;140;1;0;6;2;1
2022;      383203301;1;3832;33;1;0;7;2;1
2022;      383306001;2;3833;60;1;0;9;2;1
2022;      384302501;1;3843;25;1;0;1;2;1
2022;      384406601;1;3844;66;1;2;0;2;1
2022;      384407001;2;3844;70;1;1;0;2;1
2022;      384505601;2;3845;56;1;0;6;2;1
2022;      384605001;2;3846;50;1;2;5;2;1
2022;      384605101;2;3846;51;1;3;0;2;1
2022;      384605201;2;3846;52;1;4;0;2;1
2022;      384605401;2;3846;54;1;2;3;2;1
2022;      384705001;2;3847;50;1;2;0;2;1
2022;      384705201;2;3847;52;1;2;0;2;1
2022;      384706301;2;3847;63;1;3;0;2;1
2022;      384810501;2;3848;105;1;19;0;2;1
2022;      384900901;2;3849;9;1;6;0;2;1
2022;      384901601;2;3849;16;1;15;0;2;1
2022;      384901701;2;3849;17;1;10;5;2;1
2022;      384902201;1;3849;22;1;0;6;2;1
2022;      384904501;2;3849;45;1;2;0;2;1
2022;      384904701;2;3849;47;1;4;3;2;1
2022;      385202301;1;3852;23;1;98;98;2;1
2022;      385204001;1;3852;40;1;1;6;2;1
2022;      385902501;1;3859;25;1;6;6;2;1
2022;      386606601;2;3866;66;1;0;4;2;1
2022;      386805601;2;3868;56;1;0;4;2;1
2022;      386806501;2;3868;65;1;1;10;2;1
2022;      386907001;1;3869;70;1;1;11;2;1
2022;      387401201;2;3874;12;1;2;11;2;1
2022;      388001601;2;3880;16;1;3;0;2;1
2022;      388202901;1;3882;29;1;0;1;2;1
2022;      388404601;2;3884;46;1;5;0;2;1
2022;      388506001;2;3885;60;1;1;0;2;1
2022;      388602501;1;3886;25;1;2;0;2;1
2022;      388605701;1;3886;57;1;2;0;2;1
2022;      388701801;1;3887;18;1;0;2;2;1
2022;      388702001;5;3887;20;1;0;1;2;1
2022;      388708801;2;3887;88;1;3;0;2;1
2022;      389003201;2;3890;32;1;4;0;2;1
2022;      389003401;2;3890;34;1;10;0;2;1
2022;      389008901;2;3890;89;1;2;0;2;1
2022;      389009001;2;3890;90;1;15;6;2;1
2022;      389010801;2;3890;108;1;8;0;2;1
2022;      389010901;2;3890;109;1;1;6;2;1
2022;      389011001;2;3890;110;1;10;0;2;1
2022;      389401201;2;3894;12;1;1;0;1;1
2022;      389401201;6;3894;12;1;6;0;2;2
2022;      389401301;2;3894;13;1;10;4;2;1
2022;      389401401;1;3894;14;1;10;0;2;1
2022;      389403801;2;3894;38;1;15;0;2;1
2022;      389404001;2;3894;40;1;0;10;2;1
2022;      389404901;2;3894;49;1;1;0;2;1
2022;      389405201;2;3894;52;1;98;98;2;1
2022;      390200301;1;3902;3;1;3;3;2;1
2022;      390200501;2;3902;5;1;3;0;2;1
2022;      390501301;2;3905;13;1;5;11;2;1
2022;      390502901;2;3905;29;1;19;11;2;1
2022;      390503001;2;3905;30;1;4;8;2;1
2022;      390503101;1;3905;31;1;6;11;2;1
2022;      390503201;2;3905;32;1;9;8;2;1
2022;      390600301;1;3906;3;1;3;9;2;1
2022;      390600401;2;3906;4;1;1;0;1;1
2022;      390600401;5;3906;4;1;0;4;2;2
2022;      390604101;1;3906;41;1;3;0;1;1
2022;      390604101;2;3906;41;1;4;0;2;2
2022;      390604201;1;3906;42;1;10;0;2;1
2022;      390612401;2;3906;124;1;2;0;2;1
2022;      390612501;2;3906;125;1;6;3;2;1
2022;      390703901;1;3907;39;1;7;0;2;1
2022;      390809401;2;3908;94;1;7;11;2;1
2022;      390809601;2;3908;96;1;4;11;2;1
2022;      391208101;2;3912;81;1;0;2;2;1
2022;      391301801;1;3913;18;1;3;7;1;1
2022;      391301801;3;3913;18;1;3;7;1;2
2022;      391301801;4;3913;18;1;3;7;1;3
2022;      391301801;5;3913;18;1;3;7;2;4
2022;      391710101;2;3917;101;1;1;9;2;1
2022;      393309101;2;3933;91;1;1;7;2;1
2022;      395602701;2;3956;27;1;3;8;2;1
2022;      395603001;1;3956;30;1;5;10;2;1
2022;      396004801;1;3960;48;1;1;10;2;1
2022;      396006301;2;3960;63;1;2;10;2;1
2022;      396111001;2;3961;110;1;15;10;2;1
2022;      396111201;2;3961;112;1;5;9;2;1
2022;      396111301;2;3961;113;1;0;10;2;1
2022;      396111501;2;3961;115;1;19;11;2;1
2022;      396111601;2;3961;116;1;4;9;2;1
2022;      396111801;2;3961;118;1;5;9;2;1
2022;      396112901;1;3961;129;1;3;0;2;1
2022;      396113001;2;3961;130;1;5;7;2;1
2022;      396113101;1;3961;131;1;19;11;2;1
2022;      396113201;2;3961;132;1;2;9;2;1
2022;      396208401;2;3962;84;1;19;11;2;1
2022;      396208801;2;3962;88;1;19;11;2;1
2022;      396212301;2;3962;123;1;19;7;2;1
2022;      396212701;2;3962;127;1;3;7;2;1
2022;      396302901;1;3963;29;1;2;8;2;1
2022;      396303401;1;3963;34;1;10;0;2;1
2022;      396303601;1;3963;36;1;5;0;2;1
2022;      396303701;2;3963;37;1;2;8;2;1
2022;      396306701;2;3963;67;1;98;98;2;1
2022;      396311301;2;3963;113;1;4;0;2;1
2022;      396311501;2;3963;115;1;1;0;2;1
2022;      396400901;1;3964;9;1;19;8;2;1
2022;      396401001;1;3964;10;1;19;8;2;1
2022;      396401101;1;3964;11;1;10;8;2;1
2022;      396401201;1;3964;12;1;3;0;2;1
2022;      396403801;2;3964;38;1;19;8;2;1
2022;      396407101;2;3964;71;1;7;8;2;1
2022;      396504001;1;3965;40;1;1;11;2;1
2022;      396600401;1;3966;4;1;7;0;2;1
2022;      396607101;2;3966;71;1;1;10;2;1
2022;      396607501;2;3966;75;1;6;0;2;1
2022;      396702401;2;3967;24;1;10;9;2;1
2022;      396704401;2;3967;44;1;1;6;1;1
2022;      396704401;3;3967;44;1;1;6;1;2
2022;      396704401;4;3967;44;1;1;6;2;3
2022;      396809201;2;3968;92;1;1;10;1;1
2022;      396809201;3;3968;92;1;1;10;2;2
2022;      396809301;1;3968;93;1;7;0;2;1
2022;      396809501;2;3968;95;1;19;10;2;1
2022;      396809601;2;3968;96;1;10;0;2;1
2022;      396809701;2;3968;97;1;10;10;2;1
2022;      400504001;2;4005;40;1;1;7;2;1
2022;      400709001;3;4007;90;1;0;2;2;1
2022;      402510701;1;4025;107;1;2;9;2;1
2022;      402603701;2;4026;37;1;1;4;2;1
2022;      402603801;2;4026;38;1;1;8;2;1
2022;      402603901;2;4026;39;1;1;4;2;1
2022;      402611601;2;4026;116;1;2;8;2;1
2022;      402611801;2;4026;118;1;1;6;2;1
2022;      402612001;2;4026;120;1;0;4;2;1
2022;      402904201;1;4029;42;1;0;5;1;1
2022;      402904201;2;4029;42;1;0;5;2;2
2022;      404301401;2;4043;14;1;5;5;2;1
2022;      404302001;2;4043;20;1;3;0;2;1
2022;      404305101;2;4043;51;1;7;0;2;1
2022;      404305201;2;4043;52;1;2;9;2;1
2022;      404305301;2;4043;53;1;15;0;2;1
2022;      404707001;2;4047;70;1;6;0;2;1
2022;      405402801;2;4054;28;1;0;1;1;1
2022;      405402801;3;4054;28;1;0;1;1;2
2022;      405402801;4;4054;28;1;0;1;2;3
2022;      405405101;2;4054;51;1;3;9;2;1
2022;      406806301;2;4068;63;1;1;0;2;1
2022;      406900801;2;4069;8;1;19;11;2;1
2022;      411300201;6;4113;2;1;6;6;2;1
2022;      411401701;2;4114;17;1;2;11;2;1
2022;      411402801;1;4114;28;1;2;11;2;1
2022;      411501201;2;4115;12;1;3;8;2;1
2022;      411501602;1;4115;16;2;0;1;2;1
2022;      411502101;2;4115;21;1;0;3;2;1
2022;      411504301;1;4115;43;1;0;2;2;1
2022;      411506101;1;4115;61;1;2;9;2;1
2022;      412106401;2;4121;64;1;1;6;2;1
2022;      412107301;2;4121;73;1;1;6;2;1
2022;      412307201;2;4123;72;1;3;7;2;1
2022;      414200701;1;4142;7;1;3;5;1;1
2022;      414200701;2;4142;7;1;3;5;1;2
2022;      414200701;3;4142;7;1;3;5;1;3
2022;      414200701;4;4142;7;1;3;5;2;4
2022;      414203201;1;4142;32;1;5;7;1;1
2022;      414203201;2;4142;32;1;5;7;2;2
2022;      418304901;1;4183;49;1;2;11;2;1
2022;      419703401;1;4197;34;1;10;8;2;1
2022;      419704301;2;4197;43;1;3;7;2;1
2022;      419706101;1;4197;61;1;2;3;2;1
2022;      420104601;2;4201;46;1;10;2;2;1
2022;      420907601;2;4209;76;1;1;0;2;1
2022;      421602401;2;4216;24;1;2;0;2;1
2022;      421605901;2;4216;59;1;5;2;2;1
2022;      421706001;2;4217;60;1;1;2;2;1
2022;      421801701;1;4218;17;1;7;6;2;1
2022;      421802701;1;4218;27;1;5;0;2;1
2022;      422704901;2;4227;49;1;1;0;2;1
2022;      422705002;1;4227;50;2;2;8;2;1
2022;      422706901;2;4227;69;1;5;0;2;1
2022;      423507001;2;4235;70;1;3;9;2;1
2022;      423509501;2;4235;95;1;1;0;2;1
2022;      423510801;1;4235;108;1;15;0;2;1
2022;      423801201;2;4238;12;1;0;2;2;1
2022;      423801301;2;4238;13;1;5;0;2;1
2022;      423801901;3;4238;19;1;0;10;2;1
2022;      423813701;2;4238;137;1;3;0;2;1
2022;      423813801;1;4238;138;1;1;0;2;1
2022;      423820201;2;4238;202;1;7;0;2;1
2022;      423820501;2;4238;205;1;5;0;2;1
2022;      423820601;2;4238;206;1;3;0;2;1
2022;      424107601;1;4241;76;1;5;8;2;1
2022;      424702901;4;4247;29;1;2;0;1;1
2022;      424702901;5;4247;29;1;2;0;1;2
2022;      424702901;6;4247;29;1;2;0;2;3
2022;      427710501;2;4277;105;1;0;9;2;1
2022;      429703001;1;4297;30;1;1;9;2;1
2022;      429807801;2;4298;78;1;0;10;2;1
2022;      430803501;2;4308;35;1;0;3;2;1
2022;      431303801;2;4313;38;1;1;1;2;1
2022;      431305901;1;4313;59;1;1;1;2;1
2022;      431609801;2;4316;98;1;0;6;2;1
2022;      431610001;2;4316;100;1;4;0;2;1
2022;      431801801;2;4318;18;1;3;5;2;1
2022;      431803201;2;4318;32;1;10;6;2;1
2022;      431809501;2;4318;95;1;1;98;2;1
2022;      431812201;2;4318;122;1;4;98;2;1
2022;      431813101;2;4318;131;1;14;3;2;1
2022;      432007601;2;4320;76;1;2;8;2;1
2022;      432008401;1;4320;84;1;1;5;2;1
2022;      432008501;2;4320;85;1;7;3;2;1
2022;      432008701;2;4320;87;1;0;5;2;1
2022;      433109401;2;4331;94;1;0;6;2;1
2022;      434005201;2;4340;52;1;6;8;2;1
2022;      434005301;2;4340;53;1;4;4;2;1
